{
  "totals": {
    "budget": 963654.17,
    "actual": 774662.32,
    "utilization_rate": 80.38800060399261
  },
  "by_category": {
    "meetings": {
      "total": 423694.69,
      "count": 51
    },
    "stsm": {
      "total": 60082.0,
      "count": 27
    },
    "virtual_mobility": {
      "total": 72500.0,
      "count": 0
    },
    "training_schools": {
      "total": 108816.05,
      "count": 7
    },
    "fsac": {
      "total": 101042.91
    }
  },
  "by_grant_period": {
    "GP1": {
      "budget": 62985.5,
      "actual": 47459.83,
      "utilization": 75.35040604583595
    },
    "GP2": {
      "budget": 202607.0,
      "actual": 33770.46,
      "utilization": 16.667963100978742
    },
    "GP3": {
      "budget": 169820.5,
      "actual": 166262.38,
      "utilization": 97.90477592516804
    },
    "GP4": {
      "budget": 257925.91,
      "actual": 256854.39,
      "utilization": 99.58456286923636
    },
    "GP5": {
      "budget": 270315.26,
      "actual": 270315.26,
      "utilization": 100.0
    }
  }
}